date,exe,apk,cdn
2026-09-09,,,0
2026-09-10,,,0
2026-09-11,,,0
2026-09-12,,,0
2026-09-13,,,0
2026-09-14,,,0
2026-09-15,,,0
2026-09-16,,,0
2026-09-17,,,0
2026-09-18,,,0
2026-09-19,,,0
2026-09-20,,,0
2026-09-21,,,0
2026-09-22,,,0
2026-09-23,,,0
2026-09-24,,,0
2026-09-25,,,0
2026-09-26,,,0
2026-09-27,,,0
2026-09-28,,,0
2026-09-29,,,0
2026-09-30,,,0
2026-10-01,,,0
2026-10-02,,,0
2026-10-03,,,0
2026-10-04,,,0
2026-10-05,,,0
2026-10-06,,,28
2026-10-07,,,0
2026-10-08,,,57
2026-10-10,27,14,
